ID,Name
1001,Grace Evans
1002,Jeremiah Garcia
1003,Stella Hughes
1004,Sofia Green
1005,Bella Parker
1006,Sebastian Cox
1007,Layla Lewis
1008,Penelope Smith
1009,Grace Hernandez
1010,Luna Foster
1011,Elijah Ramos
1012,Joshua Young
1013,Mason Collins
1014,Nova Hall
1015,Penelope Phillips
1016,Leo Hughes
1017,Luke Stewart
1018,Zoe Baker
1019,Charlotte Campbell
1020,Ellie Watson
1021,Benjamin Morris
1022,Paisley Price
1023,Jack Richardson
1024,Samantha Flores
1025,Logan Harris
1026,Omi Garcia
1027,Scarlett Walker
1028,Mia Butler
1029,Julian Barnes
1030,Savannah Butler
1031,Addison Williams
1032,Hannah Cox
1033,Penelope Cruz
1034,Aaliyah Powell
1035,Easton Parker
1036,Samantha Adams
1037,Elizabeth Parker
1038,Connor Hughes
1039,Aria Edwards
1040,Charles Coleman
1041,Riley Hughes
1042,David Hughes
1043,Hannah Ramirez
1044,Mateo Martinez
1045,Zoey Lewis
1046,Lucas Mitchell
1047,Luna Scott
1048,Caleb Watson
1049,Zoey Gray
1050,Evelyn Clark
1051,Lincoln Patterson
1052,Audrey Butler
1053,Nova Adams
1054,Adrian Anderson
1055,Adrian Morris
1056,Grace Anderson
1057,Samuel Edwards
1058,Artemis Gomez
1059,Skylar Richardson
1060,Nora Kim
1061,Isaiah Ross
1062,Lily Hernandez
1063,Aaron Kim
1064,Emily Kelly
1065,Riley Cox
1066,Hunter Ramirez
1067,Isaiah Ramirez
1068,Charles Peterson
1069,Mateo Phillips
1070,Zoe Edwards
1071,Mason Coleman
1072,Layla Gray
1073,Lucas James
1074,David King
1075,Mason Anderson
1076,Mia Williams
1077,Aaron Allen
1078,Luke Ramos
1079,Eli Henderson
1080,Abigail Reed
1081,Eli Cruz
1082,Christopher Ross
1083,Josiah Rogers
1084,Aaron Morgan
1085,Lily Rodriguez
1086,Ezekiel Lewis
1087,Andrew Reed
1088,Chloe James
1089,Brooklyn Washington
1090,Mateo Jenkins
1091,Julian Roberts
1092,Adrian Young
1093,Michael Reyes
1094,Aroma Roberts
1095,Julian Thomas
1096,Samantha Cook
1097,Constante Chavez
1098,Jaxon Edwards
1099,Skylar Bailey
1100,Levi Martinez
