ID,Name,Friends_with
1001,Aaliyah Hughes,Zachary Young
1002,Emily Brown,Camila Parker
1003,Logan Bennett,Isaiah Adams
1004,Owen Patterson,Adrian Phillips
1005,Madeline King,Emily Garcia
1006,Aurora Walker,Camila Bingham
1007,Luna Perry,Amelia Gomez
1008,Violet Scott,Luna Hill
1009,Samuel Morgan,Aurora Bacon
1010,Grace Washington,Mateo Young
1011,Jack Ewell,Thomas Cooper
1012,Hannah Reed,Nora Badley
1013,Julian Campbell,Constante Flores
1014,Logan Ross,Aiden Bailey
1015,Easton Flores,Ella Green
1016,Grayson Edwards,Brooklyn Perez
1017,Nova Jackson,Samuel Butler
1018,Savannah Elford,Luna Walker
1019,Aria Hall,Adrian Long
1020,Christian Carter,Zachary Jenkins
1021,Albert Roberts,Liam Gomez
1022,Stella Hall,Andrew Carter
1023,Mateo Flear,Andrew Simmons
1024,Landon Campbell,Charles Baiss
1025,Hunter Wilson,Athena James
1026,Charlotte Parker,William Rodriguez
1027,James Lee,Julian Roberts
1028,Aaliyah Rogers,Adrian Barnes
1029,Luna Perry,James Emerson
1030,James Fish,Andrew Cook
1031,Jack Perry,Luke Camden
1032,Hannah Powell,Julian Campbell
1033,Grace Cook,Albert Reed
1034,Riley Elford,Jack Allen
1035,Isaiah Simmons,Brooklyn Collins
1036,Dylan Mitchell,Grayson Clark
1037,Sadie Thomas,Sarah Camden
1038,Isaiah Thomas,Owen Flanders
1039,Matthew Bailey,Amelia Gomez
1040,Hannah Banks,Elizabeth Bacon
1041,Ella Green,Anna Phillips
1042,Debora Cook,Easton Perez
1043,Nova Gonzalez,Lucy Patterson
1044,Nova Richardson,Thomas Dudley
1045,Owen Kelly,Nolan Baiss
1046,Luke Bingham,Ellie Gray
1047,James Clark,Jack Robinson
1048,Lincoln Morris,Ellie Donaldson
1049,Jonathan Foley,Zoe Ward
1050,Emily Phillips,Hannah Coleman
1051,Penelope Allen,Mateo Rogers
1052,Alexander Wright,Olivia Cruz
1053,Scarlett Chavez,Emily Washington
1054,Sebastian Kelly,Connor Baker
1055,Logan Chavez,Brooklyn Perry
1056,Charles Mitchell,Nathan Reed
1057,Emily Cadman,Aiden Reed
1058,Grace Moore,Ryan Bennett
1059,Grace Scott,Andrew Cook
1060,Sofia Patterson,Liam Kelly
1061,Athena Patterson,Logan Lewis
1062,Chloe Carter,Aiden Bailey
1063,Ellie Jenkins,Brooklyn Gray
1064,Amelia Flear,Owen Collins
1065,Athena James,Stella Foster
1066,Nolan Baiss,Hannah Baker
1067,Riley Campbell,Andrew Evans
1068,Aria Cox,Zoe Scott
1069,Alexander Harris,Mateo Cook
1070,Nora Ewell,Ellie Edwards
1071,Nova Lee,Layla Peterson
1072,Chloe Roberts,Scarlett Gonzalez
1073,Savannah Howard,Emma Wright
1074,Isaiah Lee,Claire Reed
1075,Violet Cook,Andrew Foster
1076,Christian Flores,Aurora Cox
1077,Hannah Deere,Ezra Washington
1078,Lucas Diaz,Aiden Bailey
1079,Natalie Bennett,Aaron Rivera
1080,Samantha Jackson,Ezra Washington
1081,Benjamin Flores,Nora Elford
1082,Thomas Flanders,Lucas Brown
1083,Chloe Collins,Nova Foley
1084,Paisley Baker,Nora Ewell
1085,Benjamin Williams,Charles Hall
1086,Savannah Lewis,Alexander Harris
1087,Aria Barnes,Mateo Campbell
1088,Luke Cox,Jonathan Evans
1089,Julian Hughes,Leo Taylor
1090,Hudson Hill,Mateo Young
1091,Logan Lewis,Easton Watson
1092,Luke Elford,Liam Murphy
1093,Josiah Diaz,Lucas Collins
1094,Luna Ward,Grace Campbell
1095,Violet Carter,Grace Camden
1096,Samuel Butler,Ava Stewart
1097,Emma Jenkins,Mason Diaz
1098,Natalie Edwards,Jack Wright
1099,Emily Bingham,Adrian Barnes
1100,Hannah Baker,Emma Foley
1101,Artemis Wilson,Audrey Williams
1102,Elizabeth Patterson,Daniel Phillips
1103,Lily Morris,Josiah Simmons
1104,Josiah Gomez,Camila James
1105,Ava Miller,Mateo Nelson
1106,Anna Long,Jeremiah Perry
1107,Penelope Brown,Grace Campbell
1108,Delacey Price,Jonathan Wood
1109,Amelia Gomez,Aroma Reyes
1110,Nathan Walker,Penelope Flear
1111,Grace Roberts,Easton Perez
1112,Zoe Hernandez,Violet Lopez
1113,Julian Brooks,Penelope Wilson
1114,Brooklyn Rivera,Andrew Coleman
1115,Jayden Long,Jonathan Evans
1116,Henry Jenkins,William Coleman
1117,Brooklyn Kelly,Savannah Murphy
1118,Riley Bingham,Brooklyn Green
1119,Sadie Martin,William Coleman
1120,Adrian Gonzalez,Sadie Thomas
1121,Zachary Jenkins,Mila Richardson
1122,Jonathan Evans,Savannah Morgan
1123,Layla Elford,Nolan Cox
1124,James Edwards,Nolan Lewis
1125,Stella Badley,Lucy James
1126,Dylan Perry,Carter Patterson
1127,Hunter Green,Luna Perry
1128,Samuel Harris,Zoe Thomas
1129,Savannah Morgan,Hudson Foley
1130,Aaron Hernandez,Aria Sanchez
1131,Leo Taylor,Aaron Cooper
1132,Kennedy Cox,Sadie Martin
1133,Christopher Ramos,Brooklyn Davis
1134,Michael Martin,Adrian Barnes
1135,Isaiah Diaz,Lily Young
1136,Brooklyn Henderson,Skylar Morgan
1137,Camila Parker,Leah Nelson
1138,Zeus Brown,Elizabeth Bacon
1139,Paisley Fish,Chloe Cadman
1140,Ryan Bennett,Christian Ewell
1141,Carter Anderson,Natalie Bacon
1142,Hannah Flanders,Aaron Ross
1143,Ellie Turner,Mateo Scott
1144,Samuel Hill,Luke Cooper
1145,Luna Hill,Carter Anderson
1146,Easton Murphy,Jayden White
1147,Nova Ross,Natalie Bacon
1148,Carter Patterson,Logan Lewis
1149,Sadie Wilson,Benjamin Williams
1150,Aurora Thompson,Scarlett Gonzalez
1151,Harper Evans,Charles Doyle
1152,Addison Butler,Chloe Evans
1153,Lillian Hall,Sofia Clark
1154,Leo Howard,Isaac Foster
1155,Hudson Foley,Mateo Banks
1156,Nolan Green,Grace Scott
1157,Mason Green,Albert Gonzalez
1158,Charles Martin,Scarlett Adams
1159,Olivia Nguyen,Elijah Phillips
1160,Zachary Edwards,Anna Cooper
1161,Debora Martin,Amelia Scott
1162,Addison Brooks,Zachary Ward
1163,Aiden Lewis,Gabriel Richardson
1164,Mila Richardson,Skylar Ewell
1165,Grace Campbell,Sophia Turner
1166,Elizabeth Long,Luna Hill
1167,Skylar Ewell,Aurora Camden
1168,Chloe Cadman,Nova Barnes
1169,Aaron Rivera,Isaiah Hughes
1170,Skylar Morgan,Lily Bailey
1171,Julian Clark,Caleb Hall
1172,Nolan Cox,Athena Brooks
1173,Aroma Turner,Ella Roberts
1174,Noah Chavez,Stella Howard
1175,Joseph Turner,Ellie Sanchez
1176,Aiden Reed,Wyatt Parker
1177,Isaiah Bennett,Scarlett Dudley
1178,Aiden Reed,Penelope Young
1179,Josiah Simmons,Sofia Patterson
1180,Skylar Peterson,Camila Evans
1181,Hannah Gonzalez,Kennedy Cox
1182,Logan Green,Hannah Mitchell
1183,Olivia Jenkins,Nolan Cox
1184,Audrey Ramirez,Skylar Peterson
1185,Leo Lopez,Ellie Ramirez
1186,Landon Reed,Logan Ross
1187,Anna Baiss,Isaiah Fish
1188,Luna Long,Michael Cruz
1189,Landon Flanders,Penelope Brooks
1190,Stella Thomas,Luke Elford
1191,Lucas Miller,Josiah Adams
1192,James Watson,Olivia Jenkins
1193,Hunter Dudley,Camila Bailey
1194,Olivia Adams,Mateo Young
1195,Liam Phillips,Brooklyn Rivera
1196,Lily Young,Nora Cruz
1197,Sophia Turner,Hannah Ramos
1198,Jayden White,Delacey Price
1199,Addison Morgan,Logan Bennett
1200,Emily Washington,Anna Cooper
1201,Mateo Murphy,Hannah Williams
1202,Thomas Walker,Andrew Price
1203,Chloe Hall,Hannah Deere
1204,Debora Richardson,Adrian Richardson
1205,Athena Reyes,Debora Reyes
1206,Emma Foley,Luke Scott
1207,Stella Howard,Riley Ross
1208,Jack Wright,Claire Reed
1209,Andrew Torres,Luna Emerson
1210,Ava Harris,Layla Cooper
1211,Mateo Deere,Olivia Cruz
1212,Liam Gomez,Mateo Nelson
1213,Ezekiel Flores,Debby Bingham
1214,Ellie Cook,Delacey Price
1215,Jeremiah Gomez,Jeremiah Young
1216,Violet Garcia,James Howard
1217,Jeremiah Stewart,Julian Roberts
1218,Owen Ortiz,Evelyn Patterson
1219,Levi Nguyen,Stella Thomas
1220,Mateo Bacon,Daniel Harris
1221,David Kelly,Luke Baker
1222,Camila Ross,Isaiah Long
1223,Benjamin King,Owen Ortiz
1224,Charles Lee,Grace Adams
1225,Sadie Flear,Logan Deere
1226,Thomas Garcia,Andrew Carter
1227,Julian Adams,Constante Flores
1228,Jack Allen,Savannah Murphy
1229,Isaiah Phillips,Caleb White
1230,Delacey Martinez,Mason Green
1231,Aroma Cruz,Debora Coleman
1232,Gabriel Diaz,Scarlett Bacon
1233,Stella Baker,Luke Hill
1234,Caleb White,Artemis Wilson
1235,Ellie Campbell,Hudson Evans
1236,Bella Smith,Easton Campbell
1237,Jack Edwards,Savannah Foster
1238,Ezra Washington,Jack Robinson
1239,Aria Simmons,Andrew Cook
1240,Easton Watson,Aaron Cooper
1241,Albert Dudley,Ellie Turner
1242,Luke Barnes,Jayden White
1243,Eli Gonzalez,Natalie Cook
1244,Claire Reed,Adrian Jackson
1245,Aubrey Allen,Chloe Miller
1246,Jayden Morgan,Ellie Gray
1247,Andrew Roberts,Riley Nguyen
1248,Victoria Camden,Nova Foley
1249,Jayden Baiss,Andrew Murphy
1250,Lily Bailey,Hannah Allen
1251,Nova King,Isaiah Kim
1252,Emily Murphy,Lucas Brown
1253,Olivia Cruz,Ellie Miller
1254,Jack Kim,Emily Washington
1255,Nora Badley,Landon Campbell
1256,Luke Hill,Jonathan Foley
1257,Riley Brown,Savannah Morgan
1258,Ellie Simmons,Luna Cook
1259,Chloe Evans,Stella Badley
1260,Grace Adams,Aroma Nguyen
1261,Adrian Adams,Adrian Cox
1262,Logan Allen,Aurora Jones
1263,Layla Long,Abigail Doyle
1264,Mateo Rivera,Benjamin Henderson
1265,Liam Torres,Luke Elford
1266,Andrew Coleman,Ellie Miller
1267,Brooklyn Richardson,Savannah Howard
1268,Emily Carter,Carter Anderson
1269,Luke Martin,Mila Howard
1270,Matthew Hughes,Claire Reed
1271,Nova Thompson,Constante Flores
1272,Charles Hernandez,Lucas Collins
1273,Victoria Wilson,Isaiah Phillips
1274,Joshua Martinez,Mason Collins
1275,Wyatt Ortiz,Riley Rivera
1276,Artemis Perry,Isaiah Long
1277,Luke Fish,Landon Flanders
1278,Jonathan Wood,Addison Butler
1279,Amelia Murphy,Zachary Ward
1280,Sarah Kim,Mila Howard
1281,Paisley Thompson,Scarlett Dudley
1282,Sofia Clark,Owen Watson
1283,Aaron Patterson,Aurora Camden
1284,Evelyn Evans,Ezekiel Taylor
1285,Ezekiel Bailey,Luna Robinson
1286,Aaron Cooper,Aiden Reed
1287,Christian Peterson,Nova Ross
1288,Michael Howard,Ellie Gray
1289,Isaiah Hughes,Brooklyn Gray
1290,Thomas Dudley,Sofia Patterson
1291,Luna Deere,Ellie Kelly
1292,Ellie Sanchez,Bella Gomez
1293,Aaron Banks,Leo Howard
1294,Riley Wood,Aurora Bacon
1295,Grace Patterson,Lucas Johnson
1296,Ava White,Luke Taylor
1297,Bella Bailey,Aaron Hernandez
1298,James Ross,Isaiah Brooks
1299,Mateo Jenkins,Samuel Hill
1300,Hannah Evans,Aria Cox
1301,Jack Chavez,Riley Davis
1302,Jayden Elford,Mason Brooks
1303,Jack Reyes,Kennedy Cox
1304,Isaiah Miller,Luna Clark
1305,Aaron Peterson,Sarah Smith
1306,Layla Lewis,Ezekiel Rogers
1307,Nova Brooks,Jack Watson
1308,Julian Roberts,Chloe Collins
1309,Sebastian Henderson,Luna Emerson
1310,Luna Cook,Hannah Allen
1311,Adrian Cox,Julian Clark
1312,Charlotte Perry,Artemis Perry
1313,Isaiah Adams,Ryan Bennett
1314,Abigail Green,Matthew Hughes
1315,Isaiah Lewis,Delacey Johnson
1316,Andrew Evans,Logan Deere
1317,Jack Patterson,Camila Evans
1318,Owen Butler,Ellie Turner
1319,William Rodriguez,Mateo Nguyen
1320,Jeremiah Collins,Nova Price
1321,Hannah Badley,Scarlett Powell
1322,Aria Parker,Aiden Clark
1323,Aria Sanchez,Lucas Rivera
1324,Addison Evans,Camila Doyle
1325,Eli Perry,Chloe Hall
1326,Mason Taylor,Aaron Peterson
1327,Scarlett Gomez,Hunter Dudley
1328,Henry Thompson,Aaron Hernandez
1329,Aurora Simmons,Riley Wood
1330,Aiden Hill,Penelope Bennett
1331,Evelyn Chavez,Scarlett Chavez
1332,Sebastian Bailey,Zoe Cruz
1333,Stella Ewell,Violet Lopez
1334,David Jenkins,Lucy James
1335,Adrian Richardson,Ellie Kelly
1336,Penelope Perez,Zachary Henderson
1337,Scarlett Adams,Abigail Nguyen
1338,Sebastian Emerson,Scarlett Badley
1339,Penelope Lopez,Ava White
1340,Constante Flores,Emily Phillips
1341,Jack Smith,Mila Murphy
1342,Audrey Williams,Luke Phillips
1343,Andrew Parker,Mason Young
1344,Sofia Cooper,Scarlett Doyle
1345,Christopher Wilson,Nova Bacon
1346,Kennedy Richardson,Logan White
1347,Elijah Davis,Christian Carter
1348,Thomas Thompson,Mia Lee
1349,Leah Nelson,Scarlett Turner
1350,Penelope Campbell,Jack Kim
1351,Matthew Evans,Chloe Hernandez
1352,Riley Nguyen,Constante Bacon
1353,Elijah Phillips,Ellie Kelly
1354,Liam Kelly,Aurora Jones
1355,Lily Brooks,Julian Campbell
1356,Aria Roberts,Charles Hernandez
1357,Savannah Foster,Constante Reed
1358,Adrian Young,Charles Lee
1359,Luke Anderson,Daniel Harris
1360,Elijah Smith,Layla Kim
1361,Owen Collins,Jack Bennett
1362,Penelope Reed,Lucas Torres
1363,Josiah Collins,Aurora Gonzalez
1364,Samantha Nguyen,Mason Jenkins
1365,Isaiah Dudley,Brooklyn Walker
1366,Nora Reed,Julian Peterson
1367,Hannah Wright,Julian Wilson
1368,Hunter Martin,Logan Miller
1369,Luna Evans,Nova Emerson
1370,Elijah Young,Aaron Smith
1371,Jack Watson,Chloe Miller
1372,Ellie Gomez,Nora Cruz
1373,Mason Thompson,Owen Patterson
1374,Nova Emerson,Aurora Walker
1375,Ella Evans,Lucy Patterson
1376,Sarah Smith,Amelia Gomez
1377,Ava Gonzalez,Anna Cooper
1378,Joseph Clark,Ellie Evans
1379,Brooklyn Walker,Ava Stewart
1380,Luna Clark,Zachary Kelly
1381,Mateo Young,Andrew Price
1382,Julian Wilson,James Edwards
1383,Jack Morris,Ezekiel Rogers
1384,Hazel Powell,Samuel Harris
1385,Ellie Baiss,Luna Emerson
1386,Riley Davis,Charles Hernandez
1387,Penelope Wood,Elijah Davis
1388,Grace Nguyen,Charles Hall
1389,Aaron Cox,Camila Bingham
1390,Layla Hernandez,Lillian Howard
1391,Ryan Harris,Christopher Gonzalez
1392,Eli Perry,Stella Morris
1393,Scarlett King,Penelope Perez
1394,Abigail Doyle,Nolan Rivera
1395,Eli Adams,Grace Washington
1396,Daniel Phillips,Josiah Taylor
1397,Christopher Price,Jayden Moore
1398,Aurora Brooks,Paisley Thompson
1399,Debora Diaz,Michael Gray
1400,Zachary Emerson,Mila Adams
1401,Luna Emerson,Claire Chavez
1402,Josiah Hill,Hannah Coleman
1403,Easton Perez,Hunter Dudley
1404,Isaiah Donaldson,Layla Lewis
1405,Layla Kim,Lily Reyes
1406,Luna Walker,Chloe Collins
1407,Charles Elford,Leo Lopez
1408,Jack Phillips,Sarah Smith
1409,Owen Rivera,Hannah Mitchell
1410,Savannah Murphy,Jonathan Wood
1411,Joshua Rodriguez,Sadie Martin
1412,Mateo Nguyen,Riley Davis
1413,Lincoln Foley,Lucas Torres
1414,Lucy Patterson,Zeta Doyle
1415,Nolan Rivera,Julian Jones
1416,Elijah Turner,Jack Cox
1417,Brooklyn Foster,Mason Jenkins
1418,Elizabeth Baker,Olivia Jenkins
1419,Owen Barnes,Mateo Rogers
1420,Nora Emerson,Lucas Adams
1421,Charles Gray,Ellie Ramirez
1422,Benjamin James,Julian Chavez
1423,Christian Ewell,Ella Evans
1424,Nova Brown,Nova Ross
1425,Adrian Long,Chloe Hall
1426,Lucas Cook,Luna Perry
1427,Julian Chavez,Isaiah Diaz
1428,Aiden Hughes,Addison White
1429,Scarlett Cox,Christopher Ramos
1430,Constante Bacon,Mason Gray
1431,Constante Martinez,Layla Cooper
1432,Stella Foster,Aria Chavez
1433,Layla Green,Riley Elford
1434,Dylan Lee,Brooklyn Johnson
1435,Noah Williams,Easton Perez
1436,Audrey Rivera,Athena Brooks
1437,Aurora Bacon,Aiden Hughes
1438,Audrey Smith,Jayden White
1439,Nova Bacon,Bella Peterson
1440,Paisley Ward,Delacey Price
1441,Zoe Cruz,Adrian Long
1442,Aiden Evans,Mateo Scott
1443,Andrew Simmons,Penelope Lopez
1444,Charles Baiss,Savannah James
1445,Ellie Rodriguez,Aria Sanchez
1446,Lillian Parker,Aaliyah Scott
1447,Thomas Parker,Alexander Bingham
1448,Penelope Lopez,Isaiah Diaz
1449,Ella Reyes,Henry Young
1450,Aria Wright,Nathan Hughes
1451,Natalie Ward,Ellie Diaz
1452,Jack Thompson,Jack Walker
1453,Brooklyn Washington,Violet Garcia
1454,Mateo Jones,Charles Mitchell
1455,Brooklyn Perez,Natalie Cook
1456,Abigail Nguyen,Nova Richardson
1457,Henry Young,Aaliyah King
1458,Luke Watson,Landon Reed
1459,Wyatt King,Ava Gonzalez
1460,Constante Simmons,Nora Parker
1461,Benjamin Hughes,Sebastian Jenkins
1462,Ezekiel Taylor,Luke Elford
1463,Carter Henderson,James Ross
1464,Kennedy Banks,Eli Phillips
1465,Mason Dudley,Aria Hall
1466,Logan Deere,Julian Wilson
1467,Stella Morris,Hudson Hill
1468,Aurora Henderson,Zoe King
1469,Charles Gray,Dylan Mitchell
1470,Skylar Johnson,Brooklyn Phillips
1471,William Cox,Jeremiah Stewart
1472,Charles Hall,Anna Edwards
1473,Lucas Brown,Charlotte Flear
1474,Andrew Adams,Brooklyn Phillips
1475,Mason Collins,Layla Hernandez
1476,Ezekiel Kelly,Jonathan Evans
1477,Luke Bailey,Samuel Walker
1478,Ellie Scott,Connor Donaldson
1479,Jeremiah Bennett,Brooklyn Mitchell
1480,Jaxon Cooper,Ryan Clark
1481,Benjamin Cooper,Amelia Gomez
1482,Aiden Barnes,Layla Kim
1483,Natalie Edwards,Mila Turner
1484,Aroma Reyes,Luke Camden
1485,Evelyn Turner,Lillian Baker
1486,Grace Watson,Liam Torres
1487,Easton Campbell,Ryan Clark
1488,Bella Peterson,Leo Emerson
1489,Noah Baker,Nora Emerson
1490,Sophia Morgan,Hannah Evans
1491,Stella Morris,Josiah Adams
1492,Zeta Carter,Andrew Cook
1493,Jonathan Hill,James Emerson
1494,Grace Camden,Aaron Hernandez
1495,Zeta Roberts,Kennedy Cox
1496,Caleb Hall,Skylar Nguyen
1497,Nora Cruz,Violet Foster
1498,Penelope Phillips,Liam Robinson
1499,Hunter Brown,Emily Brown
1500,Jaxon Elford,Mila Adams
1501,Lily Garcia,Dylan Mitchell
1502,James Davis,Julian Brooks
1503,Mila Wood,Aria James
1504,Aiden Gomez,Luna Bennett
1505,Levi Young,Penelope Donaldson
1506,Luke Flear,Mateo Jones
1507,Penelope Anderson,Brooklyn Mitchell
1508,Nova Barnes,Charles Baiss
1509,Leah Ward,Josiah Collins
1510,Nora Davis,Penelope Wood
1511,Hannah Bacon,Alexander Hernandez
1512,Charles Doyle,William Rodriguez
1513,Sebastian Roberts,Gabriel Diaz
1514,Lillian Coleman,Victoria Camden
1515,Scarlett Morgan,Wyatt Ortiz
1516,Aurora Washington,Ryan Bennett
1517,Jack Robinson,Logan White
1518,Harper Gonzalez,Nolan Reed
1519,Emma Wright,Jack Chavez
1520,Nora Parker,Aria Cox
1521,Adrian Barnes,Aurora Powell
1522,Luke Elford,Riley Bennett
1523,Albert Murphy,William Cox
1524,Camila James,Sofia Clark
1525,Athena Roberts,Lucy James
1526,Owen Watson,Chloe Miller
1527,Ellie Gray,Isaac Deere
1528,Savannah Rivera,Luke Cooper
1529,Isabella Davis,Scarlett Chavez
1530,Samantha Doyle,Andrew Coleman
1531,Thomas Cooper,Jack Robinson
1532,Bella Gomez,Benjamin Cooper
1533,Lillian Howard,Grace Cook
1534,Isaac Deere,Isaiah Diaz
1535,Luke Phillips,Elizabeth Bacon
1536,Aaron Jackson,Elizabeth Patterson
1537,Henry Cooper,Jack Wright
1538,Daniel Kelly,Penelope Donaldson
1539,Savannah James,Lily Reyes
1540,Mateo Scott,Adrian Foster
1541,Mila Gray,Lucas Rivera
1542,Michael Harris,Constante Reed
1543,Isabella Barnes,Brooklyn Gray
1544,Athena Brooks,Thomas Walker
1545,Mateo Miller,Isaiah Green
1546,Brooklyn Ewell,Aria Barnes
1547,Ellie Martinez,Stella Campbell
1548,Albert Garcia,Ella Reyes
1549,Isaiah James,Jeremiah Stewart
1550,Penelope Donaldson,Brooklyn Foster
1551,Grace Simmons,Skylar Johnson
1552,Chloe Miller,Adrian Richardson
1553,Anna Phillips,Hannah Robinson
1554,Samuel Coleman,Owen Patterson
1555,Aaron Deere,Matthew Bailey
1556,Hannah Ramos,Landon Reed
1557,Mila Adams,Savannah Howard
1558,Zachary Young,Mason Collins
1559,Scarlett Bacon,Luna Lopez
1560,Zachary Phillips,Riley Bennett
1561,Nora Perez,Camila Doyle
1562,David Wright,Aurora Stewart
1563,Elijah Rivera,Andrew Garcia
1564,Hunter Kelly,Riley Wood
1565,Hannah Allen,Lucas Cook
1566,Owen Emerson,Connor Donaldson
1567,Nora Cruz,Anna Phillips
1568,Adrian Jackson,Hannah Evans
1569,Jack Walker,Elizabeth Bacon
1570,Benjamin Henderson,Sophia Morgan
1571,Aria James,Lillian Coleman
1572,Daniel Harris,Mila Wood
1573,Emily Camden,Mateo Nelson
1574,Penelope Walker,Zoe Torres
1575,Alexander Bingham,Aria Garcia
1576,Owen Flanders,Zeta Doyle
1577,Luke Elford,Addison Morgan
1578,Chloe Fish,Lily Rodriguez
1579,Mason Jenkins,Lucy Patterson
1580,Hannah Allen,Albert Roberts
1581,Athena Rivera,Brooklyn Perez
1582,Debby Hernandez,Grace Moore
1583,Mason Gray,Ryan Harris
1584,Landon Wilson,Josiah Adams
1585,Aaron Ross,Lucas Collins
1586,Nathan Clark,Isaiah Miller
1587,Emily James,Alexander Harris
1588,Anna Edwards,Brooklyn Johnson
1589,Mason Wilson,Grace Washington
1590,Nora Collins,Eli Camden
1591,James Adams,Matthew Bailey
1592,Aria Chavez,Debby Hernandez
1593,Ellie Washington,Mila Davis
1594,Hannah Robinson,Layla Green
1595,Mateo Carter,Lucas Collins
1596,Natalie Cook,Lincoln Banks
1597,Mason Campbell,Isaiah Simmons
1598,Layla Cooper,Aiden Hughes
1599,Debby White,Ellie Diaz
1600,Albert Gonzalez,Scarlett Torres
1601,Violet Walker,Jayden Perez
1602,Adrian Foster,Hunter Wilson
1603,Ellie Robinson,Debora Diaz
1604,Thomas Evans,Hunter Moore
1605,Lincoln Banks,Hannah Banks
1606,Camila Bailey,Samantha Jackson
1607,Christian Dudley,Hannah Wright
1608,Luke Perry,Jeremiah Stewart
1609,Grace Miller,Brooklyn Gray
1610,Emma Brown,Layla Lewis
1611,Luke Camden,Hunter Robinson
1612,Aurora Camden,Scarlett King
1613,Adrian Ramirez,Ezra Washington
1614,William Hill,Eli Perry
1615,Harper Walker,Madeline Miller
1616,Scarlett Doyle,Joshua Hill
1617,Aurora Gonzalez,Aria Morgan
1618,Luke Scott,Leo Cadman
1619,Connor Baker,Easton Perez
1620,Ellie Diaz,Julian Roberts
1621,Julian Anderson,Aubrey Allen
1622,Aaron Cooper,Abigail Nguyen
1623,Daniel Hughes,Charlotte Perry
1624,Riley Washington,Nova Richardson
1625,Aria Garcia,Zoe Thomas
1626,Wyatt Smith,Aaron Cox
1627,Penelope Brooks,Luke Flear
1628,Sebastian Flear,Mason Diaz
1629,Mateo Campbell,David Wright
1630,Lillian Baker,Luke Elford
1631,Scarlett Turner,Skylar Nguyen
1632,Hannah Allen,Julian Campbell
1633,Camila White,Josiah Hill
1634,Zoe Foster,Skylar Morgan
1635,Isaiah Brooks,Aroma Roberts
1636,Evelyn Patterson,Nora Badley
1637,Gabriel Brooks,Grayson Clark
1638,Caleb Davis,Jonathan Foley
1639,Zoe Thomas,Nora Emerson
1640,Natalie Bacon,Brooklyn Johnson
1641,William Mitchell,Joshua Martinez
1642,Zoey Ortiz,Sofia King
1643,Samuel Walker,Madeline Miller
1644,Skylar Nguyen,Henry Lopez
1645,Isaiah Long,Lincoln Foley
1646,Scarlett Watson,Grace Turner
1647,Christopher Cruz,Hannah Reed
1648,Mateo Cook,Owen Watson
1649,Zoe Ward,Evelyn Patterson
1650,Christopher Gonzalez,Charles Smith
1651,Charles Smith,Mia Wright
1652,Penelope Lewis,Jack Allen
1653,James Richardson,Luke Camden
1654,Kennedy Rivera,Ellie Edwards
1655,Easton Carter,Ellie Cook
1656,Charlotte Jones,Jack Bennett
1657,Lily Rodriguez,Debora Coleman
1658,Aurora Powell,Mateo Young
1659,Lucas Martin,Sofia Patterson
1660,Debora Coleman,Michael Harris
1661,Penelope Wilson,Joshua Rodriguez
1662,Aroma Stewart,Emily James
1663,Luke Baker,Sebastian Kelly
1664,Lucas Rivera,Mason Gray
1665,Emma Wright,Ava Harris
1666,Audrey Chavez,Sebastian Flear
1667,Elizabeth Bacon,Emily Murphy
1668,Nova Richardson,Michael Ross
1669,Lucas Adams,Henry Young
1670,Penelope Flear,Albert Dudley
1671,Lincoln Banks,Nova Ross
1672,Easton Johnson,Skylar Peterson
1673,Hannah Williams,David Reed
1674,Samantha Adams,Ellie Lopez
1675,Hannah Coleman,Mila Adams
1676,Aurora Perry,Ryan Robinson
1677,Riley Rivera,Ellie Taylor
1678,Ezekiel Baiss,Zeus Phillips
1679,Ellie Taylor,Adrian Jackson
1680,Luna Lopez,Luke Perry
1681,Nora Wright,James Edwards
1682,Camila Doyle,Hannah Allen
1683,Mila Turner,Elizabeth Bacon
1684,Aaliyah King,Samantha Jackson
1685,Charlotte Flear,Charles Lee
1686,Ellie Donaldson,Owen Flanders
1687,Ryan Clark,Mia Howard
1688,Samantha Adams,Ava Stewart
1689,Mia Wright,Dylan Perry
1690,Nova Emerson,Alexander Harris
1691,Sebastian Wright,Wyatt Ortiz
1692,Athena Brooks,Luna Deere
1693,Andrew Foster,Zoe Thomas
1694,Leo Cadman,Josiah Simmons
1695,Daniel Butler,Sarah Murphy
1696,Jayden Washington,Nova Thompson
1697,Addison Robinson,Aaliyah King
1698,Bella Bailey,Emma Jenkins
1699,Brooklyn Davis,Hannah Reed
1700,Lucas Torres,Adrian Roberts
1701,Evelyn Collins,Nathan Miller
1702,David Perry,Thomas Walker
1703,Liam Ramos,Stella Howard
1704,Luke Cooper,Aurora Gonzalez
1705,Nolan Lewis,Lucas Rivera
1706,Adrian Morgan,Chloe Hernandez
1707,Hunter Morris,Mason Green
1708,Thomas Flores,Zoe Scott
1709,Zachary Young,Jaxon Fish
1710,Christian Johnson,William Doyle
1711,Ellie Evans,Brooklyn Perez
1712,Victoria Coleman,James Watson
1713,Liam Murphy,Jaxon Allen
1714,Athena Donaldson,Josiah Diaz
1715,Wyatt Butler,Mila Richardson
1716,Aria Wilson,Riley Bingham
1717,Nathan Miller,Logan Miller
1718,Adrian White,Aria Carter
1719,Isabella Cooper,Brooklyn Nelson
1720,James Howard,Penelope Emerson
1721,Andrew Price,Jayden Baiss
1722,Elijah Wood,Henry Hughes
1723,Aria Carter,Penelope Walker
1724,Paisley Moore,Albert Dudley
1725,Aroma Badley,Aurora Stewart
1726,Amelia Thomas,Joseph Turner
1727,Skylar Phillips,Isabella Davis
1728,Constante Deere,Joseph Turner
1729,Brooklyn Rivera,Camila Bingham
1730,Sarah Lee,Nova Emerson
1731,Aria Gomez,Scarlett Powell
1732,Brooklyn Lee,Joshua Martinez
1733,Andrew Murphy,Easton Perez
1734,Constante Reed,Ella Evans
1735,Constante Wood,Albert Murphy
1736,Zoe Scott,Aaron Rivera
1737,Charles Ewell,Aria Chavez
1738,Sadie Clark,Scarlett Adams
1739,Alexander Deere,Ava Bennett
1740,Hunter Parker,Penelope Wood
1741,Logan Miller,Nova Bacon
1742,William Coleman,Thomas Dudley
1743,Nova Evans,Andrew Foster
1744,Aaron Smith,Emma Brown
1745,Elijah Price,Audrey Smith
1746,James Emerson,Jeremiah Young
1747,Logan Dudley,Easton Carter
1748,Zoe King,Isaac Deere
1749,Emma Phillips,Thomas Parker
1750,Scarlett Gonzalez,Athena Brooks
1751,Ella Roberts,Bella Smith
1752,Alexander Thomas,Ezekiel Bailey
1753,Ellie Edwards,Ryan White
1754,Luke Jenkins,Alexander Hernandez
1755,Ryan White,Alexander Hernandez
1756,Penelope Young,Scarlett Badley
1757,Layla Peterson,Debby White
1758,Claire Chavez,Adrian Flores
1759,Lily Reyes,Ava Harris
1760,Camila Hughes,Luna Cook
1761,Adrian Flores,Zoe Ward
1762,Owen Johnson,Albert Roberts
1763,Stella Campbell,Sarah Camden
1764,Aiden Clark,Stella Foster
1765,Leah Butler,Stella Hall
1766,Josiah Adams,Omi Evans
1767,Logan White,Alexander Harris
1768,Addison White,Nova Richardson
1769,Camila Evans,Sophia Turner
1770,Penelope Bennett,Aaron Patterson
1771,Emily Garcia,Nathan Martinez
1772,Jaxon Fish,Leo Taylor
1773,Zachary Henderson,Brooklyn Nelson
1774,Aaron Simmons,Elizabeth Patterson
1775,Aurora Cox,Elizabeth Ross
1776,Luna Reed,Layla Long
1777,Mason Brooks,Penelope Campbell
1778,Elizabeth Ross,Grace Campbell
1779,Levi Bennett,Aiden Lewis
1780,Jack Cox,Sadie Clark
1781,Delacey White,Penelope Wilson
1782,Aria Moore,Mila Turner
1783,Ellie Gray,Mason Taylor
1784,Jack Allen,Brooklyn Collins
1785,Michael Gray,David Reed
1786,Mateo Nelson,James Adams
1787,Madeline Smith,Mason Anderson
1788,Mila Wright,Aiden Hughes
1789,Isaac Foster,Logan Miller
1790,Michael Cruz,Constante Flores
1791,Natalie Cruz,Lucas Diaz
1792,Nova Ross,Penelope Wood
1793,Evelyn Cook,Isaiah Fish
1794,Brooklyn Gray,Jack Thompson
1795,Riley Washington,Sadie Thomas
1796,Albert Reed,Samuel Harris
1797,Liam Bacon,Mateo Bacon
1798,Logan Simmons,Zoe Cruz
1799,Ellie Lopez,Lily Reyes
1800,Lincoln Williams,Josiah Cook
1801,Adrian Phillips,Constante Bacon
1802,Penelope Garcia,Chloe Camden
1803,Jaxon Allen,Emma Wright
1804,Aiden Rogers,Constante Deere
1805,Brooklyn Gray,Skylar Johnson
1806,Mateo Banks,Benjamin Hughes
1807,Mason Young,Isabella Davis
1808,Skylar Camden,Jack Patterson
1809,Jeremiah Young,Anna Young
1810,Aiden Hughes,Hunter Robinson
1811,Josiah Taylor,Camila Hughes
1812,Addison Torres,Luke Phillips
1813,Bella Dudley,Constante Simmons
1814,Eli Camden,Leah Nelson
1815,Mateo Rogers,Stella Morris
1816,Lucas Collins,Paisley Moore
1817,Lincoln King,Chloe Collins
1818,Mason Roberts,Jack Patterson
1819,Luna Foley,Jeremiah Gomez
1820,Andrew Garcia,Sebastian Wright
1821,Savannah Cox,Albert Murphy
1822,Matthew Lee,Isaiah Long
1823,Lucas Johnson,Charlotte Jones
1824,Jack Bennett,Mateo Scott
1825,Debora Reyes,Luke Hill
1826,Luna Price,Constante Martinez
1827,Ella Evans,Eli Perry
1828,Penelope Butler,Claire Chavez
1829,Aroma Nguyen,Luna Clark
1830,Lillian Lee,Zachary Kelly
1831,Zeus Phillips,Mateo Rogers
1832,Isaiah Fish,Zeta Roberts
1833,Ellie Watson,William Hill
1834,Layla Lewis,Lincoln Smith
1835,Aroma Jackson,Brooklyn Ewell
1836,Aroma Roberts,Emily Phillips
1837,Zachary Kelly,Ellie Washington
1838,Hannah Mitchell,Aiden Bailey
1839,Jaxon Flores,Scarlett Chavez
1840,Daniel Collins,Emma Wright
1841,Aaliyah Scott,Owen Ortiz
1842,Nathan Hughes,Isabella Barnes
1843,Josiah Cook,Stella Ewell
1844,Camila Evans,Easton Perez
1845,Isabella Mitchell,Joseph Moore
1846,Riley Bennett,Jeremiah Collins
1847,Mateo Clark,Aubrey Scott
1848,Thomas Bingham,Zachary Edwards
1849,Brooklyn Green,Mateo Clark
1850,Anna Young,Hannah Allen
1851,Paisley Robinson,Wyatt Richardson
1852,Ezra Lee,Mason Jenkins
1853,Mason Diaz,Isabella Mitchell
1854,Riley Ross,Penelope Perez
1855,Andrew Carter,Mason Cruz
1856,Aiden Bailey,Claire Reed
1857,Layla Collins,Audrey Rivera
1858,Violet Lopez,Owen Collins
1859,Scarlett Torres,Mateo Garcia
1860,Nora Elford,Aaron Cooper
1861,Savannah Green,James Edwards
1862,Isaiah Hughes,Leo Taylor
1863,Sebastian Jenkins,Jack Walker
1864,Savannah Flanders,Isaac Foster
1865,Nathan Martinez,Joshua Hill
1866,Sarah Camden,Luke Elford
1867,Mila Murphy,Luke Cox
1868,Mateo Scott,Hunter Wilson
1869,Penelope Emerson,Adrian Phillips
1870,Zachary Mitchell,Owen Kelly
1871,Violet Lopez,Jeremiah Young
1872,Mia Howard,Emily Brown
1873,Amelia Scott,Leo Emerson
1874,Isaiah Kim,Mila Howard
1875,Omi Jenkins,Lily Brooks
1876,Nova Foley,Logan Lewis
1877,Adrian Rodriguez,Benjamin Flores
1878,Mateo Long,Penelope Lewis
1879,Ellie Miller,Savannah Cox
1880,Grace Turner,Carter Patterson
1881,Grace Peterson,Mila Murphy
1882,Violet Camden,Isaiah Phillips
1883,Delacey Johnson,Thomas Walker
1884,Nolan Reed,Alexander Wright
1885,Omi Evans,Addison Butler
1886,Mateo White,Zeta Roberts
1887,Ava Bennett,Aurora Henderson
1888,Addison Flear,Wyatt Butler
1889,Luna Chavez,Aurora Brooks
1890,Thomas Bennett,Hannah Simmons
1891,Ellie Kelly,Stella Howard
1892,Hunter James,Layla Hernandez
1893,Logan Brooks,Emma Wright
1894,Violet Foster,Wyatt Richardson
1895,Wyatt Richardson,Mason Dudley
1896,Leah Parker,Aurora Simmons
1897,Julian Peterson,Audrey Rivera
1898,Debby Bingham,Isaiah Phillips
1899,Scarlett Dudley,Sofia King
1900,Levi Johnson,Riley Brown
1901,Artemis Carter,Nora Parker
1902,Mia Lee,Adrian Rodriguez
1903,Zeta Doyle,Christopher Wilson
1904,Aubrey Thompson,Julian Jones
1905,Hannah Banks,Michael Cruz
1906,Chloe Hernandez,Adrian Long
1907,Connor Donaldson,Ryan Bennett
1908,Leo Emerson,Owen Flanders
1909,Lucy James,Grace Patterson
1910,Alexander Hernandez,Sebastian Jenkins
1911,Chloe Camden,Aaron Banks
1912,Isaiah Green,Amelia Flear
1913,Leah Lee,Nora Collins
1914,Aubrey Scott,Jaxon Allen
1915,Aaron Cooper,Charles Smith
1916,Aria Morgan,Ellie Martinez
1917,Scarlett Badley,Emma Foley
1918,Hudson Evans,Christopher Gonzalez
1919,Riley Baiss,Charles Mitchell
1920,Layla Edwards,Samantha Adams
1921,Mason Donaldson,Benjamin James
1922,Brooklyn Kim,Claire Reed
1923,Luke Taylor,Stella Badley
1924,Mason Diaz,Evelyn Collins
1925,Mateo Garcia,Kennedy Banks
1926,Christopher Howard,Madeline King
1927,Skylar Ramirez,Mateo Campbell
1928,Brooklyn Collins,Ellie Rodriguez
1929,Lincoln Smith,Noah Chavez
1930,David Reed,Adrian Ramirez
1931,Sarah Reyes,Bella Smith
1932,Jeremiah Perry,Riley Campbell
1933,Riley Badley,Bella Gomez
1934,Joshua Hill,Mia Lee
1935,Brooklyn Phillips,Brooklyn Mitchell
1936,Brooklyn Perry,Layla Lewis
1937,William Doyle,Brooklyn Kelly
1938,Nathan Reed,Chloe Hall
1939,Luna Bennett,Claire Reed
1940,Zoe Torres,Artemis Perry
1941,Gabriel Richardson,Landon Campbell
1942,Eli Phillips,Mateo Jones
1943,Hunter Moore,Dylan Perry
1944,Riley Smith,Aria Sanchez
1945,Aaron Long,Leo Lopez
1946,Jayden Perez,Wyatt Butler
1947,Josiah Foley,Lincoln Morris
1948,Julian Jones,Grace Scott
1949,Stella Barnes,Leah Lee
1950,Michael Ross,Adrian Rodriguez
1951,Hunter Robinson,Hunter Wilson
1952,Luna Robinson,Aaron Cox
1953,Ellie Ramirez,Henry Young
1954,Mila Howard,Zachary Phillips
1955,Ryan Robinson,Levi Nguyen
1956,Jack Bennett,Chloe Evans
1957,Brooklyn Nelson,Addison Butler
1958,Sofia King,Aria Chavez
1959,Zachary Ward,Isaiah Bennett
1960,Aurora Stewart,Jack Bennett
1961,Henry Hughes,Aria Wright
1962,Scarlett Powell,Ellie Edwards
1963,Anna Cooper,Nora Parker
1964,Leah Moore,Mila Murphy
1965,Brooklyn Mitchell,Mateo Deere
1966,Emma Badley,Nova Price
1967,Matthew Long,Emily Bingham
1968,Benjamin Torres,Andrew Davis
1969,Brooklyn Johnson,Zoe Thomas
1970,Emily Cox,Violet Lopez
1971,Nova Price,Christopher Cruz
1972,Ezekiel Rogers,Madeline Miller
1973,Adrian Roberts,Aiden Lewis
1974,Evelyn Kelly,Joseph Clark
1975,Alexander Evans,Ava Harris
1976,Andrew Cook,Aurora Powell
1977,Stella Ortiz,Zoe Cruz
1978,Emma Deere,Liam Torres
1979,Grace Evans,Layla Long
1980,Mason Cruz,Luke Camden
1981,Mila Davis,Christian Johnson
1982,Wyatt Parker,Adrian Roberts
1983,Sofia Scott,Aria Chavez
1984,Aria Morgan,Nova Richardson
1985,Ava Stewart,Emily Murphy
1986,Liam Robinson,Adrian Gonzalez
1987,Hannah Camden,Mason Cruz
1988,Jayden Moore,Nora Elford
1989,Jack Edwards,Ellie Robinson
1990,Madeline Miller,Sophia Turner
1991,Henry Lopez,Charles Gray
1992,Sarah Murphy,Jayden Baiss
1993,Andrew Davis,Debora Diaz
1994,Hannah Simmons,Aiden Barnes
1995,Aurora Jones,Riley Campbell
1996,Isaiah Coleman,Ezekiel Baiss
1997,Camila Bingham,Adrian Roberts
1998,Joseph Moore,Thomas Evans
1999,Mason Anderson,Daniel Phillips
2000,Grayson Clark,Aubrey Thompson
